[
    {
        "fields": {
            "codename": "add_logentry",
            "content_type": 1,
            "name": "Can add log entry"
        },
        "model": "auth.permission",
        "pk": 1
    },
    {
        "fields": {
            "codename": "change_logentry",
            "content_type": 1,
            "name": "Can change log entry"
        },
        "model": "auth.permission",
        "pk": 2
    },
    {
        "fields": {
            "codename": "delete_logentry",
            "content_type": 1,
            "name": "Can delete log entry"
        },
        "model": "auth.permission",
        "pk": 3
    },
    {
        "fields": {
            "codename": "add_permission",
            "content_type": 2,
            "name": "Can add permission"
        },
        "model": "auth.permission",
        "pk": 4
    },
    {
        "fields": {
            "codename": "change_permission",
            "content_type": 2,
            "name": "Can change permission"
        },
        "model": "auth.permission",
        "pk": 5
    },
    {
        "fields": {
            "codename": "delete_permission",
            "content_type": 2,
            "name": "Can delete permission"
        },
        "model": "auth.permission",
        "pk": 6
    },
    {
        "fields": {
            "codename": "add_group",
            "content_type": 3,
            "name": "Can add group"
        },
        "model": "auth.permission",
        "pk": 7
    },
    {
        "fields": {
            "codename": "change_group",
            "content_type": 3,
            "name": "Can change group"
        },
        "model": "auth.permission",
        "pk": 8
    },
    {
        "fields": {
            "codename": "delete_group",
            "content_type": 3,
            "name": "Can delete group"
        },
        "model": "auth.permission",
        "pk": 9
    },
    {
        "fields": {
            "codename": "add_user",
            "content_type": 4,
            "name": "Can add user"
        },
        "model": "auth.permission",
        "pk": 10
    },
    {
        "fields": {
            "codename": "change_user",
            "content_type": 4,
            "name": "Can change user"
        },
        "model": "auth.permission",
        "pk": 11
    },
    {
        "fields": {
            "codename": "delete_user",
            "content_type": 4,
            "name": "Can delete user"
        },
        "model": "auth.permission",
        "pk": 12
    },
    {
        "fields": {
            "codename": "add_contenttype",
            "content_type": 5,
            "name": "Can add content type"
        },
        "model": "auth.permission",
        "pk": 13
    },
    {
        "fields": {
            "codename": "change_contenttype",
            "content_type": 5,
            "name": "Can change content type"
        },
        "model": "auth.permission",
        "pk": 14
    },
    {
        "fields": {
            "codename": "delete_contenttype",
            "content_type": 5,
            "name": "Can delete content type"
        },
        "model": "auth.permission",
        "pk": 15
    },
    {
        "fields": {
            "codename": "add_session",
            "content_type": 6,
            "name": "Can add session"
        },
        "model": "auth.permission",
        "pk": 16
    },
    {
        "fields": {
            "codename": "change_session",
            "content_type": 6,
            "name": "Can change session"
        },
        "model": "auth.permission",
        "pk": 17
    },
    {
        "fields": {
            "codename": "delete_session",
            "content_type": 6,
            "name": "Can delete session"
        },
        "model": "auth.permission",
        "pk": 18
    },
    {
        "fields": {
            "codename": "add_account",
            "content_type": 7,
            "name": "Can add account"
        },
        "model": "auth.permission",
        "pk": 19
    },
    {
        "fields": {
            "codename": "change_account",
            "content_type": 7,
            "name": "Can change account"
        },
        "model": "auth.permission",
        "pk": 20
    },
    {
        "fields": {
            "codename": "delete_account",
            "content_type": 7,
            "name": "Can delete account"
        },
        "model": "auth.permission",
        "pk": 21
    },
    {
        "fields": {
            "codename": "add_team",
            "content_type": 8,
            "name": "Can add team"
        },
        "model": "auth.permission",
        "pk": 22
    },
    {
        "fields": {
            "codename": "change_team",
            "content_type": 8,
            "name": "Can change team"
        },
        "model": "auth.permission",
        "pk": 23
    },
    {
        "fields": {
            "codename": "delete_team",
            "content_type": 8,
            "name": "Can delete team"
        },
        "model": "auth.permission",
        "pk": 24
    },
    {
        "fields": {
            "codename": "view_team",
            "content_type": 8,
            "name": "Can view team"
        },
        "model": "auth.permission",
        "pk": 25
    },
    {
        "fields": {
            "codename": "add_host",
            "content_type": 9,
            "name": "Can add host"
        },
        "model": "auth.permission",
        "pk": 26
    },
    {
        "fields": {
            "codename": "change_host",
            "content_type": 9,
            "name": "Can change host"
        },
        "model": "auth.permission",
        "pk": 27
    },
    {
        "fields": {
            "codename": "delete_host",
            "content_type": 9,
            "name": "Can delete host"
        },
        "model": "auth.permission",
        "pk": 28
    },
    {
        "fields": {
            "codename": "view_host",
            "content_type": 9,
            "name": "Can view host"
        },
        "model": "auth.permission",
        "pk": 29
    },
    {
        "fields": {
            "codename": "add_service",
            "content_type": 10,
            "name": "Can add service"
        },
        "model": "auth.permission",
        "pk": 30
    },
    {
        "fields": {
            "codename": "change_service",
            "content_type": 10,
            "name": "Can change service"
        },
        "model": "auth.permission",
        "pk": 31
    },
    {
        "fields": {
            "codename": "delete_service",
            "content_type": 10,
            "name": "Can delete service"
        },
        "model": "auth.permission",
        "pk": 32
    },
    {
        "fields": {
            "codename": "view_service",
            "content_type": 10,
            "name": "Can view service"
        },
        "model": "auth.permission",
        "pk": 33
    },
    {
        "fields": {
            "codename": "add_credential",
            "content_type": 11,
            "name": "Can add credential"
        },
        "model": "auth.permission",
        "pk": 34
    },
    {
        "fields": {
            "codename": "change_credential",
            "content_type": 11,
            "name": "Can change credential"
        },
        "model": "auth.permission",
        "pk": 35
    },
    {
        "fields": {
            "codename": "delete_credential",
            "content_type": 11,
            "name": "Can delete credential"
        },
        "model": "auth.permission",
        "pk": 36
    },
    {
        "fields": {
            "codename": "view_credential",
            "content_type": 11,
            "name": "Can view credential"
        },
        "model": "auth.permission",
        "pk": 37
    },
    {
        "fields": {
            "codename": "add_check",
            "content_type": 12,
            "name": "Can add check"
        },
        "model": "auth.permission",
        "pk": 38
    },
    {
        "fields": {
            "codename": "change_check",
            "content_type": 12,
            "name": "Can change check"
        },
        "model": "auth.permission",
        "pk": 39
    },
    {
        "fields": {
            "codename": "delete_check",
            "content_type": 12,
            "name": "Can delete check"
        },
        "model": "auth.permission",
        "pk": 40
    },
    {
        "fields": {
            "codename": "view_check",
            "content_type": 12,
            "name": "Can view check"
        },
        "model": "auth.permission",
        "pk": 41
    },
    {
        "fields": {
            "codename": "perform_check",
            "content_type": 12,
            "name": "Can perform check"
        },
        "model": "auth.permission",
        "pk": 42
    },
    {
        "fields": {
            "codename": "add_inject",
            "content_type": 13,
            "name": "Can add inject"
        },
        "model": "auth.permission",
        "pk": 43
    },
    {
        "fields": {
            "codename": "change_inject",
            "content_type": 13,
            "name": "Can change inject"
        },
        "model": "auth.permission",
        "pk": 44
    },
    {
        "fields": {
            "codename": "delete_inject",
            "content_type": 13,
            "name": "Can delete inject"
        },
        "model": "auth.permission",
        "pk": 45
    },
    {
        "fields": {
            "codename": "view_inject",
            "content_type": 13,
            "name": "Can view inject"
        },
        "model": "auth.permission",
        "pk": 46
    },
    {
        "fields": {
            "codename": "add_action",
            "content_type": 14,
            "name": "Can add action"
        },
        "model": "auth.permission",
        "pk": 47
    },
    {
        "fields": {
            "codename": "change_action",
            "content_type": 14,
            "name": "Can change action"
        },
        "model": "auth.permission",
        "pk": 48
    },
    {
        "fields": {
            "codename": "delete_action",
            "content_type": 14,
            "name": "Can delete action"
        },
        "model": "auth.permission",
        "pk": 49
    },
    {
        "fields": {
            "codename": "view_action",
            "content_type": 14,
            "name": "Can view action"
        },
        "model": "auth.permission",
        "pk": 50
    }
]